Wage Gap by Metropolitan Area Detailed Table,,,,,,,,,,,,,,,,,,,,,,,,,,,,,,,,,
"Detailed table for ""What is the gender wage gap in your metropolitan area?""",,,,,,,,,,,,,,,,,,,,,,,,,,,,,,,,,
"Pew Research Center feature released June 2, 2022",,,,,,,,,,,,,,,,,,,,,,,,,,,,,,,,,
Interactive,,,,,,,,,,,,,,,,,,,,,,,,,,,,,,,,,
"Source: Data from 2000 is derived from the 2000 decennial census; data from 2019 comes from the American Community Survey and is based on the 2015-2019 5-year ACS microdata sample. Both are provided by the Integrated Public Use Microdata Series (IPUMS) from the University of Minnesota. IPUMS assigns uniform codes, to the extent possible, to data collected in the ACS. The 2000 figures are based on the 5% sample. See ""How We Did This"" for more details.",,,,,,,,,,,,,,,,,,,,,,,,,,,,,,,,,
"Note: This sheet is view only. You can export this data into a csv/Excel or other format by downloading. To download these tables, click ""File"" and then select ""Download"" to save in your preferred file format.",,,,,,,,,,,,,,,,,,,,,,,,,,,,,,,,,
Terms of Use,,,,,,,,,,,,,,,,,,,,,,,,,,,,,,,,,
Privacy policy,,,,,,,,,,,,,,,,,,,,,,,,,,,,,,,,,
,,,,,,,,,,,,,,,,,,,,,,,,,,,,,,,,,
,,,,,,,,,,,,,,,,,,,,,,,,,,,,,,,,,
,,Ages 16+,,,,,,,,Ages 16-29,,,,,,,,Ages 30-49,,,,,,,,Ages 50+,,,,,,,
MSA,FIPS,16+_2019_metro_rank,16+_2019_metro_perc,16+_2000_metro_perc,16+_2019_dollars_women,16+_2019_dollars_men,16+_2000_dollars_women,16+_2000_dollars_men,16+_map_change,16_29_2019_metro_rank,16_29_2019_metro_perc,16_29_2000_metro_perc,16_29_2019_dollars_women,16_29_2019_dollars_men,16_29_2000_dollars_women,16_29_2000_dollars_men,16_29_map_change,30_49_2019_metro_rank,30_49_2019_metro_perc,30_49_2000_metro_perc,30_49_2019_dollars_women,30_49_2019_dollars_men,30_49_2000_dollars_women,30_49_2000_dollars_men,30_49_map_change,50+_2019_metro_rank,50+_2019_metro_perc,50+_2000_metro_perc,50+_2019_dollars_women,50+_2019_dollars_men,50+_2000_dollars_women,50+_2000_dollars_men,50+_map_change
"Akron, OH",10420,187,77%,67%,"$41,006","$52,942","$40,020","$59,569",-0.10,172,86%,77%,"$29,830","$34,531","$30,785","$40,020",-0.09,140,80%,71%,"$45,000","$56,113","$43,869","$61,570",-0.09,165,73%,61%,"$43,779","$60,069","$42,483","$69,266",-0.12
"Albany-Schenectady-Troy, NY",10580,49,85%,73%,"$50,906","$60,000","$44,638","$61,416",-0.12,65,94%,88%,"$35,610","$37,769","$35,249","$40,020",-0.06,106,82%,75%,"$53,268","$64,746","$46,177","$61,570",-0.07,53,79%,65%,"$55,399","$70,000","$46,177","$71,421",-0.14
"Albuquerque, NM",10740,21,89%,79%,"$40,000","$45,000","$40,020","$50,795",-0.10,130,89%,89%,"$26,073","$29,136","$29,246","$32,786",0,23,89%,78%,"$42,615","$48,000","$43,099","$55,413",-0.11,25,82%,73%,"$48,028","$58,272","$44,638","$61,570",-0.10
"Allentown-Bethlehem-Easton, PA-NJ",10900,186,77%,70%,"$42,615","$55,000","$41,560","$59,723",-0.08,128,90%,81%,"$31,288","$34,944","$33,863","$41,560",-0.08,203,76%,72%,"$45,815","$60,000","$44,484","$61,570",-0.04,156,73%,60%,"$46,833","$63,922","$41,560","$68,804",-0.13
"Amarillo, TX",11100,189,77%,74%,"$37,059","$47,941","$35,403","$47,717",-0.03,240,77%,80%,"$25,000","$32,500","$25,090","$31,401",0.03,183,77%,71%,"$38,700","$50,061","$38,481","$53,874",-0.06,148,74%,69%,"$42,761","$58,033","$39,405","$57,106",-0.05
"Anchorage, AK",11260,129,81%,76%,"$50,906","$63,000","$46,485","$61,570",-0.05,85,93%,92%,"$34,000","$36,503","$35,403","$38,481",-0.01,171,79%,77%,"$53,268","$67,791","$50,795","$66,188",-0.02,76,77%,69%,"$61,087","$79,000","$56,952","$83,119",-0.09
"Ann Arbor, MI",11460,82,83%,70%,"$53,268","$63,922","$52,334","$75,269",-0.14,123,90%,81%,"$32,000","$35,610","$38,481","$47,717",-0.09,37,86%,72%,"$60,490","$70,000","$55,413","$76,962",-0.14,84,77%,56%,"$65,705","$85,249","$55,875","$100,051",-0.21
"Anniston-Oxford-Jacksonville, AL",11500,203,76%,70%,"$34,820","$45,800","$32,170","$46,177",-0.06,228,80%,84%,"$25,030","$31,200","$25,705","$30,785",0.03,209,75%,70%,"$37,288","$49,423","$33,863","$48,486",-0.06,211,69%,66%,"$37,059","$53,955","$35,403","$53,874",-0.03
"Asheville, NC",11700,36,86%,no data,"$37,000","$43,000",no data,no data,no data,42,97%,no data,"$28,057","$29,016",no data,no data,no data,18,89%,0%,"$40,000","$44,745",no data,no data,no data,62,78%,0%,"$40,675","$52,000",no data,no data,no data
"Atlanta-Sandy Springs-Roswell, GA",12060,71,84%,75%,"$44,500","$53,268","$46,177","$61,570",-0.09,28,99%,93%,"$31,961","$32,373","$38,481","$41,560",-0.06,83,84%,75%,"$47,941","$57,193","$49,256","$65,726",-0.09,100,76%,64%,"$50,000","$66,000","$49,256","$76,962",-0.12
"Atlantic City-Hammonton, NJ",12100,51,85%,78%,"$43,164","$50,906","$42,175","$53,874",-0.07,71,94%,84%,"$30,000","$31,961","$32,478","$38,481",-0.09,20,89%,76%,"$46,402","$52,147","$44,638","$58,491",-0.13,20,83%,72%,"$50,072","$60,069","$45,254","$63,109",-0.12
"Auburn-Opelika, AL",12220,136,80%,70%,"$38,000","$47,302","$35,403","$50,795",-0.11,182,85%,89%,"$26,073","$30,544","$29,246","$32,786",0.04,60,85%,65%,"$42,500","$50,061","$36,942","$56,952",-0.20,239,64%,60%,"$42,151","$66,000","$38,481","$64,648",-0.04
"Augusta-Richmond County, GA-SC",12260,176,78%,70%,"$36,652","$47,000","$36,634","$52,334",-0.08,196,83%,81%,"$26,073","$31,288","$27,706","$34,017",-0.02,176,78%,66%,"$40,000","$51,138","$38,481","$58,030",-0.12,207,69%,60%,"$40,725","$59,051","$38,481","$64,648",-0.09
"Austin-Round Rock, TX",12420,64,84%,81%,"$46,932","$55,996","$46,024","$56,952",-0.03,54,95%,96%,"$34,531","$36,503","$36,942","$38,481",0.01,94,83%,79%,"$50,906","$61,087","$48,640","$61,570",-0.04,114,75%,68%,"$51,138","$68,183","$46,177","$67,727",-0.07
"Bakersfield, CA",12540,113,82%,66%,"$36,690","$45,000","$38,481","$58,491",-0.16,193,84%,73%,"$25,569","$30,544","$27,706","$38,173",-0.11,123,81%,68%,"$40,484","$50,000","$43,099","$63,109",-0.13,128,75%,64%,"$44,319","$59,351","$44,484","$69,266",-0.10
"Baltimore-Columbia-Towson, MD",12580,80,83%,78%,"$53,955","$64,746","$47,717","$61,570",-0.06,69,94%,93%,"$36,503","$38,848","$38,481","$41,560",-0.01,54,85%,76%,"$59,660","$69,877","$50,026","$66,188",-0.10,115,75%,67%,"$60,000","$80,000","$49,410","$73,884",-0.08
"Bangor, ME",12620,9,91%,70%,"$41,717","$45,811","$35,403","$50,795",-0.21,208,82%,81%,"$26,634","$32,373","$28,630","$35,403",-0.01,10,92%,70%,"$45,815","$49,639","$37,712","$53,874",-0.22,23,83%,62%,"$43,803","$52,942","$37,865","$61,570",-0.21
"Barnstable Town, MA",12700,27,87%,75%,"$52,147","$60,000","$46,177","$61,570",-0.12,3,112%,85%,"$36,652","$32,580","$33,863","$40,020",-0.28,38,86%,75%,"$52,736","$61,087","$46,177","$61,570",-0.11,40,80%,73%,"$60,430","$75,091","$50,795","$69,266",-0.07
"Baton Rouge, LA",12940,245,67%,65%,"$38,688","$57,361","$36,788","$56,952",-0.03,243,75%,76%,"$26,978","$36,190","$29,246","$38,635",0.01,242,68%,63%,"$41,717","$61,087","$38,481","$61,570",-0.06,244,61%,58%,"$42,615","$69,877","$38,481","$66,803",-0.03
"Beaumont-Port Arthur, TX",13140,236,71%,67%,"$37,769","$53,268","$36,942","$55,413",-0.04,249,68%,72%,"$25,899","$38,353","$27,706","$38,481",0.04,213,75%,63%,"$41,717","$55,399","$38,481","$61,570",-0.13,241,63%,54%,"$40,000","$63,922","$38,481","$70,805",-0.08
"Bellingham, WA",13380,228,74%,71%,"$40,484","$55,000","$40,020","$56,183",-0.02,229,80%,83%,"$28,000","$35,000","$30,785","$36,942",0.03,227,73%,72%,"$44,745","$61,087","$43,099","$60,031",-0.01,229,66%,66%,"$46,000","$69,232","$48,025","$72,960",-0.01
"Binghamton, NY",13780,117,81%,71%,"$40,725","$50,000","$37,404","$52,334",-0.10,140,89%,93%,"$28,765","$32,373","$28,476","$30,785",0.04,62,85%,72%,"$43,164","$50,906","$39,097","$54,028",-0.12,50,80%,60%,"$44,797","$56,319","$38,481","$64,648",-0.20
"Birmingham-Hoover, AL",13820,192,77%,74%,"$41,006","$53,268","$40,790","$55,413",-0.03,91,93%,88%,"$30,000","$32,331","$33,863","$38,481",-0.05,189,77%,72%,"$43,164","$55,996","$43,099","$60,031",-0.05,179,72%,63%,"$45,815","$63,922","$42,329","$67,727",-0.09
"Bismarck, ND",13900,229,73%,no data,"$43,680","$59,447",no data,no data,no data,237,78%,no data,"$35,634","$45,815",no data,no data,no data,198,77%,0%,"$47,941","$62,576",no data,no data,no data,202,69%,0%,"$44,000","$63,619",no data,no data,no data
"Blacksburg-Christiansburg-Radford, VA",13980,124,81%,71%,"$41,006","$50,582","$35,403","$50,179",-0.11,155,88%,78%,"$31,288","$35,634","$27,706","$35,403",-0.1,58,85%,69%,"$41,717","$49,018","$36,942","$53,720",-0.16,168,73%,67%,"$45,811","$63,000","$39,405","$58,491",-0.05
"Bloomington, IL",14010,158,79%,70%,"$47,000","$59,351","$43,099","$61,570",-0.09,238,77%,81%,"$29,136","$37,769","$33,863","$41,560",0.04,132,80%,72%,"$52,074","$64,746","$48,794","$67,727",-0.08,145,74%,50%,"$53,955","$73,006","$38,635","$76,962",-0.24
"Bloomington, IN",14020,163,79%,no data,"$39,096","$49,639",no data,no data,no data,201,83%,no data,"$25,569","$30,871",no data,no data,no data,12,91%,0%,"$47,500","$52,203",no data,no data,no data,162,73%,0%,"$43,316","$59,351",no data,no data,no data
"Boise City, ID",14260,140,80%,73%,"$38,353","$47,941","$38,481","$52,642",-0.07,149,88%,83%,"$27,625","$31,288","$30,169","$36,172",-0.05,205,76%,73%,"$40,570","$53,268","$41,560","$56,952",-0.03,45,80%,59%,"$43,200","$53,955","$40,020","$67,727",-0.21
"Boston-Cambridge-Newton, MA-NH",14460,88,83%,76%,"$59,660","$72,000","$52,334","$69,266",-0.07,59,95%,93%,"$42,625","$45,103","$43,099","$46,331",-0.01,77,84%,75%,"$65,705","$78,220","$56,490","$74,961",-0.09,97,76%,68%,"$64,746","$85,229","$53,412","$78,502",-0.08
"Bremerton-Silverdale, WA",14740,194,77%,72%,"$44,220","$57,530","$43,099","$60,031",-0.05,30,99%,82%,"$30,245","$30,700","$30,785","$37,712",-0.17,237,71%,74%,"$47,696","$67,000","$46,177","$62,186",0.03,209,69%,63%,"$55,000","$79,902","$48,794","$76,962",-0.05
"Bridgeport-Stamford-Norwalk, CT",14860,165,79%,75%,"$61,087","$77,696","$57,568","$76,962",-0.04,38,98%,97%,"$40,725","$41,717","$44,638","$46,177",-0.01,178,78%,73%,"$65,000","$83,435","$61,570","$84,659",-0.05,187,71%,62%,"$67,984","$95,883","$58,491","$93,894",-0.09
"Brownsville-Harlingen, TX",15180,98,82%,78%,"$28,057","$34,092","$27,706","$35,403",-0.04,129,90%,88%,"$21,380","$23,883","$23,089","$26,167",-0.01,127,81%,76%,"$31,200","$38,688","$29,246","$38,481",-0.05,153,74%,65%,"$29,136","$39,632","$27,706","$42,329",-0.08
"Buffalo-Cheektowaga-Niagara Falls, NY",15380,130,81%,68%,"$43,596","$53,955","$39,867","$58,491",-0.13,122,90%,80%,"$32,373","$36,000","$30,785","$38,481",-0.1,99,83%,69%,"$47,089","$57,015","$42,483","$61,570",-0.14,99,76%,58%,"$47,481","$62,576","$41,406","$70,805",-0.17
"Burlington, NC",15500,91,83%,72%,"$37,121","$44,846","$35,403","$49,256",-0.11,153,88%,87%,"$25,675","$29,202","$30,785","$35,403",-0.01,131,80%,69%,"$37,670","$46,833","$38,481","$55,413",-0.11,74,77%,60%,"$41,006","$52,942","$33,094","$55,413",-0.18
"Burlington-South Burlington, VT",15540,24,87%,73%,"$46,932","$53,955","$41,560","$56,644",-0.14,210,82%,83%,"$30,544","$37,288","$30,785","$36,942",0.01,13,91%,76%,"$50,906","$55,996","$44,638","$58,491",-0.15,21,83%,59%,"$53,847","$64,746","$41,560","$70,344",-0.24
"Canton-Massillon, OH",15940,221,75%,66%,"$37,288","$50,000","$35,403","$53,874",-0.09,174,86%,81%,"$28,000","$32,540","$29,861","$36,942",-0.05,154,80%,66%,"$40,725","$51,138","$38,481","$58,491",-0.14,193,70%,59%,"$39,096","$56,000","$36,942","$63,109",-0.11
"Cape Coral-Fort Myers, FL",15980,5,92%,83%,"$37,288","$40,725","$38,481","$46,177",-0.08,55,95%,93%,"$26,634","$28,159","$29,938","$32,324",-0.02,7,93%,79%,"$38,848","$41,743","$40,020","$50,795",-0.14,27,82%,73%,"$41,717","$50,906","$38,481","$52,950",-0.09
"Champaign-Urbana, IL",16580,40,86%,74%,"$42,761","$50,000","$41,406","$56,183",-0.12,11,102%,83%,"$30,544","$30,000","$31,862","$38,481",-0.19,8,93%,73%,"$49,400","$53,268","$44,638","$61,570",-0.20,170,72%,61%,"$46,932","$64,746","$43,099","$70,805",-0.12
"Charleston, WV",16620,137,80%,no data,"$35,940","$44,745",no data,no data,no data,176,86%,no data,"$25,030","$29,136",no data,no data,no data,162,79%,0%,"$37,121","$46,932",no data,no data,no data,171,72%,0%,"$38,485","$53,190",no data,no data,no data
"Charleston-North Charleston, SC",16700,172,78%,75%,"$40,725","$52,000","$36,942","$49,256",-0.03,60,94%,91%,"$30,544","$32,373","$30,785","$33,863",-0.03,117,81%,71%,"$45,000","$55,399","$38,481","$53,874",-0.10,194,70%,63%,"$42,615","$61,087","$38,481","$61,570",-0.07
"Charlotte-Concord-Gastonia, NC-SC",16740,148,80%,72%,"$41,717","$52,147","$40,020","$55,413",-0.08,77,94%,88%,"$31,961","$34,092","$35,403","$40,020",-0.05,136,80%,70%,"$45,000","$55,996","$43,099","$61,570",-0.10,155,73%,63%,"$44,797","$61,087","$40,020","$63,109",-0.10
"Chattanooga, TN-GA",16860,108,82%,72%,"$38,353","$46,932","$36,634","$50,795",-0.10,25,99%,83%,"$30,000","$30,245","$30,785","$36,942",-0.16,100,83%,71%,"$40,484","$49,018","$38,481","$53,874",-0.11,130,75%,60%,"$42,761","$57,361","$36,172","$60,031",-0.14
"Chicago-Naperville-Elgin, IL-IN-WI",16980,144,80%,71%,"$48,000","$60,000","$47,255","$66,188",-0.09,74,94%,89%,"$35,000","$37,288","$39,405","$44,330",-0.05,129,81%,72%,"$52,147","$64,746","$51,873","$72,345",-0.09,160,73%,64%,"$52,147","$71,379","$48,948","$76,962",-0.09
"Chico, CA",17020,139,80%,76%,"$40,697","$50,699","$38,481","$50,795",-0.05,70,94%,90%,"$29,028","$30,896","$27,553","$30,785",-0.04,135,80%,70%,"$43,380","$53,955","$38,635","$55,413",-0.11,117,75%,73%,"$47,912","$63,922","$46,177","$63,109",-0.02
"Cincinnati, OH-KY-IN",17140,147,80%,70%,"$43,467","$54,334","$43,099","$61,570",-0.10,113,91%,84%,"$31,288","$34,531","$35,403","$42,329",-0.07,146,80%,71%,"$47,941","$60,000","$46,177","$64,648",-0.08,125,75%,65%,"$48,560","$65,000","$44,946","$69,266",-0.10
"Clarksville, TN-KY",17300,90,83%,76%,"$34,531","$41,717","$33,863","$44,330",-0.06,205,83%,89%,"$25,899","$31,288","$28,322","$31,862",0.06,201,76%,70%,"$36,690","$48,000","$35,403","$50,795",-0.07,103,76%,76%,"$39,419","$52,147","$39,713","$52,334",0.00
"Cleveland-Elyria, OH",17460,170,78%,70%,"$42,615","$54,334","$43,099","$61,570",-0.08,150,88%,82%,"$30,544","$34,616","$33,863","$41,406",-0.06,177,78%,73%,"$45,815","$58,595","$46,177","$63,263",-0.05,136,74%,64%,"$47,265","$63,619","$44,484","$69,574",-0.10
"Coeur d'Alene, ID",17660,96,82%,no data,"$35,610","$43,164",no data,no data,no data,138,89%,no data,"$25,569","$28,765",no data,no data,no data,196,77%,0%,"$40,000","$52,147",no data,no data,no data,30,82%,0%,"$39,700","$48,601",no data,no data,no data
"College Station-Bryan, TX",17780,178,78%,no data,"$37,288","$47,941",no data,no data,no data,212,82%,no data,"$26,200","$32,000",no data,no data,no data,167,79%,0%,"$42,000","$53,268",no data,no data,no data,120,75%,0%,"$46,833","$62,576",no data,no data,no data
"Colorado Springs, CO",17820,111,82%,74%,"$41,717","$51,138","$40,020","$53,874",-0.07,35,98%,90%,"$30,544","$31,288","$30,785","$34,017",-0.07,210,75%,71%,"$45,000","$59,660","$43,099","$60,492",-0.04,198,69%,65%,"$47,941","$69,000","$44,330","$68,189",-0.04
"Columbia, MO",17860,58,84%,79%,"$40,484","$47,941","$38,481","$48,640",-0.05,66,94%,87%,"$31,961","$33,903","$30,785","$35,403",-0.07,97,83%,80%,"$43,779","$52,942","$43,099","$53,874",-0.03,98,76%,63%,"$44,846","$59,051","$43,869","$69,266",-0.13
"Columbia, SC",17900,132,80%,no data,"$37,769","$46,932",no data,no data,no data,191,84%,no data,"$27,000","$31,961",no data,no data,no data,96,83%,0%,"$40,725","$49,018",no data,no data,no data,94,76%,0%,"$42,761","$56,113",no data,no data,no data
"Columbus, OH",18140,92,83%,75%,"$44,891","$54,233","$44,638","$59,877",-0.08,79,93%,89%,"$33,270","$35,610","$36,942","$41,560",-0.05,114,82%,76%,"$49,018","$60,000","$47,717","$63,109",-0.06,86,77%,67%,"$49,852","$64,746","$46,177","$69,266",-0.10
"Corpus Christi, TX",18580,232,72%,69%,"$35,000","$48,560","$33,863","$48,794",-0.03,232,80%,80%,"$25,000","$31,322","$25,705","$32,324",0,229,73%,69%,"$37,769","$51,797","$36,942","$53,874",-0.04,236,64%,60%,"$37,769","$58,595","$36,634","$61,570",-0.05
"Dallas-Fort Worth-Arlington, TX",19100,70,84%,79%,"$44,243","$52,876","$46,177","$58,491",-0.05,56,95%,96%,"$31,562","$33,374","$36,942","$38,481",0.01,56,85%,74%,"$48,000","$56,319","$47,717","$64,648",-0.11,79,77%,67%,"$50,000","$64,746","$47,717","$70,959",-0.10
"Daphne-Fairhope-Foley, AL",19300,227,74%,67%,"$37,546","$50,906","$33,863","$50,795",-0.07,97,92%,71%,"$25,000","$27,116","$26,167","$36,942",-0.21,134,80%,70%,"$42,615","$53,000","$38,481","$54,797",-0.10,246,58%,59%,"$37,288","$63,922","$36,480","$61,570",0.01
"Dayton, OH",19380,193,77%,69%,"$40,000","$52,000","$41,560","$60,031",-0.08,227,80%,78%,"$28,596","$35,610","$31,093","$39,713",-0.02,121,81%,71%,"$43,164","$53,268","$44,638","$63,109",-0.10,212,69%,63%,"$43,254","$63,000","$46,177","$73,884",-0.06
"Decatur, AL",19460,243,68%,65%,"$32,589","$47,852","$34,941","$53,874",-0.03,234,79%,69%,"$25,683","$32,373","$25,398","$36,942",-0.11,239,70%,69%,"$36,503","$52,000","$38,481","$55,875",-0.01,243,62%,56%,"$34,531","$55,996","$38,481","$69,266",-0.06
"Decatur, IL",19500,244,68%,63%,"$36,652","$53,955","$36,942","$58,491",-0.05,246,70%,67%,"$24,077","$34,531","$27,706","$41,560",-0.03,199,77%,66%,"$39,927","$52,147","$38,481","$58,491",-0.11,217,68%,56%,"$42,761","$62,576","$38,789","$69,266",-0.12
"Deltona-Daytona Beach-Ormond Beach, FL",19660,41,85%,73%,"$35,634","$41,717","$33,863","$46,177",-0.12,183,85%,81%,"$26,073","$30,544","$26,167","$32,324",-0.04,66,85%,75%,"$36,503","$43,164","$36,942","$49,256",-0.10,47,80%,69%,"$40,725","$50,906","$36,942","$53,874",-0.11
"Denver-Aurora-Lakewood, CO",19740,65,84%,78%,"$50,000","$59,660","$47,717","$61,570",-0.06,48,95%,89%,"$36,000","$37,769","$38,481","$43,099",-0.06,84,84%,78%,"$54,233","$64,746","$51,565","$66,188",-0.06,109,75%,68%,"$55,000","$73,006","$51,873","$76,808",-0.08
"Des Moines-West Des Moines, IA",19780,107,82%,no data,"$45,815","$56,000",no data,no data,no data,168,87%,no data,"$34,518","$39,707",no data,no data,no data,82,84%,0%,"$50,718","$60,490",no data,no data,no data,18,84%,0%,"$52,147","$62,000",no data,no data,no data
"Detroit-Warren-Dearborn, MI",19820,223,74%,63%,"$44,100","$59,351","$46,177","$73,884",-0.12,141,89%,80%,"$31,961","$36,000","$36,942","$46,177",-0.09,181,77%,66%,"$47,975","$62,000","$50,487","$76,962",-0.12,227,67%,53%,"$48,900","$73,006","$49,256","$92,355",-0.14
"Dover, DE",20100,3,94%,73%,"$40,725","$43,164","$36,942","$50,795",-0.22,186,85%,83%,"$26,634","$31,288","$29,246","$35,249",-0.02,2,96%,70%,"$45,000","$46,932","$38,481","$54,643",-0.25,104,76%,68%,"$44,899","$59,447","$40,020","$58,491",-0.07
"Eau Claire, WI",20740,159,79%,73%,"$39,525","$50,000","$36,942","$50,795",-0.06,144,88%,83%,"$30,544","$34,531","$30,785","$36,942",-0.05,159,79%,71%,"$42,761","$53,955","$38,481","$53,874",-0.08,231,66%,64%,"$38,353","$58,033","$37,250","$58,491",-0.02
"Elkhart-Goshen, IN",21140,242,69%,70%,"$33,374","$48,560","$37,558","$53,566",0.01,250,67%,77%,"$26,634","$39,707","$30,785","$40,020",0.1,245,67%,69%,"$33,374","$50,000","$39,867","$57,414",0.03,164,73%,67%,"$37,769","$51,797","$40,020","$59,569",-0.06
"El Paso, TX",21340,83,83%,77%,"$32,373","$38,848","$30,785","$40,020",-0.06,170,87%,89%,"$23,824","$27,489","$25,398","$28,476",0.03,55,85%,76%,"$38,688","$45,322","$33,863","$44,638",-0.10,55,79%,79%,"$34,092","$43,164","$36,326","$46,177",0.00
"Erie, PA",21500,168,79%,69%,"$37,670","$47,941","$36,942","$53,874",-0.10,27,99%,75%,"$29,202","$29,567","$27,706","$36,942",-0.24,143,80%,70%,"$40,725","$50,906","$38,481","$55,105",-0.10,219,68%,59%,"$38,848","$57,000","$37,865","$64,648",-0.10
"Eugene, OR",21660,152,80%,73%,"$38,179","$47,941","$38,327","$52,334",-0.06,147,88%,83%,"$26,978","$30,544","$29,246","$35,403",-0.06,74,84%,72%,"$42,085","$50,000","$40,020","$55,413",-0.12,122,75%,64%,"$43,680","$58,404","$39,559","$61,570",-0.11
"Fayetteville, NC",22180,7,91%,82%,"$33,452","$36,652","$34,633","$42,329",-0.09,80,93%,91%,"$25,030","$26,800","$28,014","$30,785",-0.02,70,84%,75%,"$38,000","$45,000","$36,942","$49,256",-0.09,214,69%,69%,"$37,000","$53,955","$38,481","$55,413",0.01
"Fayetteville-Springdale-Rogers, AR-MO",22220,128,81%,74%,"$37,546","$46,426","$33,863","$45,870",-0.07,82,93%,86%,"$28,507","$30,544","$29,246","$33,863",-0.07,169,79%,74%,"$40,725","$51,797","$35,711","$48,025",-0.04,73,77%,66%,"$42,615","$55,000","$35,403","$53,874",-0.12
"Flagstaff, AZ",22380,101,82%,73%,"$39,419","$47,941","$36,942","$50,795",-0.09,17,100%,90%,"$30,544","$30,544","$27,706","$30,785",-0.1,119,81%,69%,"$43,803","$53,955","$38,481","$55,413",-0.12,195,70%,68%,"$42,615","$61,087","$41,560","$61,570",-0.02
"Florence, SC",22500,216,75%,no data,"$32,373","$43,164",no data,no data,no data,126,90%,no data,"$24,819","$27,699",no data,no data,no data,160,79%,0%,"$35,634","$45,000",no data,no data,no data,205,69%,0%,"$36,000","$52,147",no data,no data,no data
"Fort Collins, CO",22660,164,79%,70%,"$45,000","$57,193","$43,099","$61,570",-0.09,47,96%,83%,"$31,961","$33,344","$33,248","$40,020",-0.13,125,81%,68%,"$50,906","$63,000","$46,177","$67,727",-0.13,220,68%,64%,"$52,000","$76,359","$49,256","$76,962",-0.04
"Fort Wayne, IN",23060,206,76%,68%,"$37,129","$49,007","$40,020","$58,491",-0.07,218,81%,89%,"$27,100","$33,374","$34,171","$38,481",0.08,217,75%,70%,"$38,179","$51,138","$43,099","$61,570",-0.05,203,69%,59%,"$41,000","$59,351","$41,560","$69,882",-0.10
"Fresno, CA",23420,11,91%,81%,"$40,000","$44,000","$40,020","$49,256",-0.10,99,92%,100%,"$28,000","$30,544","$30,785","$30,785",0.08,29,88%,80%,"$42,085","$47,941","$43,099","$53,874",-0.08,3,89%,74%,"$47,941","$53,955","$45,716","$61,570",-0.15
"Gadsden, AL",23460,239,69%,66%,"$30,245","$43,803","$32,324","$49,256",-0.03,221,81%,80%,"$21,582","$26,634","$26,937","$33,863",-0.01,244,67%,63%,"$31,288","$46,833","$33,863","$53,874",-0.04,154,73%,58%,"$35,157","$47,852","$35,403","$61,570",-0.16
"Gainesville, FL",23540,54,85%,78%,"$39,632","$46,876","$38,481","$49,256",-0.06,4,110%,93%,"$28,000","$25,453","$30,169","$32,324",-0.17,11,92%,79%,"$46,932","$50,906","$42,329","$53,874",-0.14,215,69%,69%,"$43,812","$63,922","$43,099","$62,186",0.01
"Gainesville, GA",23580,53,85%,80%,"$34,255","$40,484","$38,481","$48,332",-0.05,62,94%,91%,"$25,453","$26,978","$30,785","$33,863",-0.03,104,82%,73%,"$34,616","$42,000","$40,482","$55,413",-0.09,41,80%,71%,"$42,761","$53,190","$41,560","$58,491",-0.09
"Glens Falls, NY",24020,141,80%,72%,"$40,725","$50,906","$35,403","$49,256",-0.08,239,77%,77%,"$27,116","$35,157","$27,706","$35,864",0,73,84%,66%,"$43,803","$52,000","$35,403","$53,720",-0.18,137,74%,71%,"$42,615","$57,361","$38,481","$53,874",-0.03
"Goldsboro, NC",24140,66,84%,80%,"$32,580","$38,886","$33,402","$41,560",-0.03,134,89%,86%,"$24,503","$27,489","$27,706","$32,170",-0.03,67,85%,77%,"$36,503","$43,164","$35,403","$46,177",-0.08,15,85%,75%,"$36,503","$43,000","$34,479","$46,177",-0.10
"Grand Junction, CO",24300,190,77%,70%,"$38,589","$50,000","$33,863","$48,640",-0.08,214,82%,76%,"$29,000","$35,460","$24,628","$32,324",-0.06,219,74%,71%,"$38,848","$52,147","$38,481","$53,874",-0.03,175,72%,60%,"$42,760","$59,351","$35,403","$59,261",-0.12
"Grand Rapids-Wyoming, MI",24340,196,77%,68%,"$40,000","$52,147","$41,560","$61,570",-0.09,127,90%,82%,"$30,544","$34,092","$35,403","$43,099",-0.07,190,77%,69%,"$43,164","$55,996","$45,562","$66,188",-0.08,139,74%,61%,"$46,402","$62,588","$43,407","$70,805",-0.13
"Greensboro-High Point, NC",24660,89,83%,78%,"$36,690","$44,325","$38,481","$49,256",-0.05,220,81%,88%,"$25,899","$31,961","$32,324","$36,942",0.06,120,81%,74%,"$37,769","$46,600","$40,020","$53,874",-0.07,46,80%,66%,"$42,615","$53,268","$38,789","$58,491",-0.14
"Greenville, NC",24780,12,91%,82%,"$39,632","$43,680","$39,559","$48,486",-0.09,92,93%,96%,"$30,000","$32,373","$33,863","$35,403",0.03,16,90%,74%,"$43,779","$48,870","$40,020","$53,874",-0.15,93,76%,76%,"$40,725","$53,268","$44,638","$58,491",0.00
"Greenville-Anderson-Mauldin, SC",24860,179,78%,73%,"$37,288","$47,941","$36,942","$50,795",-0.05,81,93%,84%,"$29,202","$31,288","$32,170","$38,481",-0.1,163,79%,71%,"$40,000","$50,582","$38,481","$53,874",-0.08,192,70%,63%,"$40,725","$58,033","$37,712","$59,415",-0.07
"Gulfport-Biloxi-Pascagoula, MS",25060,160,79%,77%,"$35,000","$44,288","$35,403","$46,177",-0.02,235,78%,95%,"$23,883","$30,544","$29,246","$30,785",0.17,184,77%,77%,"$37,288","$48,261","$37,712","$49,256",-0.01,159,73%,69%,"$39,419","$53,955","$38,481","$55,413",-0.04
"Hanford-Corcoran, CA",25260,8,91%,80%,"$38,848","$42,615","$36,942","$46,177",-0.11,121,90%,96%,"$26,978","$30,000","$29,554","$30,785",0.06,98,83%,74%,"$39,600","$47,941","$43,099","$58,491",-0.09,1,104%,65%,"$50,906","$49,000","$39,713","$61,570",-0.39
"Harrisburg-Carlisle, PA",25420,154,80%,75%,"$43,164","$54,233","$43,099","$57,106",-0.04,177,86%,90%,"$31,961","$37,288","$34,479","$38,481",0.04,137,80%,75%,"$47,049","$58,595","$46,177","$61,570",-0.05,71,78%,68%,"$48,560","$62,576","$44,638","$65,418",-0.09
"Harrisonburg, VA",25500,42,85%,no data,"$37,288","$43,680",no data,no data,no data,154,88%,no data,"$27,500","$31,288",no data,no data,no data,34,87%,0%,"$40,000","$46,000",no data,no data,no data,166,73%,0%,"$38,000","$52,147",no data,no data,no data
"Hartford-West Hartford-East Hartford, CT",25540,84,83%,76%,"$55,000","$66,178","$52,334","$69,266",-0.08,119,90%,87%,"$37,546","$41,717","$40,020","$46,177",-0.03,75,84%,77%,"$58,272","$69,232","$55,721","$72,345",-0.07,75,77%,68%,"$61,791","$79,902","$52,642","$76,962",-0.09
"Hickory-Lenoir-Morganton, NC",25860,61,84%,76%,"$34,417","$41,006","$35,095","$46,177",-0.08,195,83%,83%,"$26,634","$31,961","$30,785","$36,942",0,72,84%,77%,"$35,934","$42,615","$36,942","$47,717",-0.07,129,75%,72%,"$35,634","$47,800","$35,403","$49,256",-0.03
"Hilton Head Island-Bluffton-Beaufort, SC",25940,35,86%,83%,"$35,157","$40,725","$36,942","$44,638",-0.04,51,95%,104%,"$26,073","$27,489","$30,477","$29,246",0.09,71,84%,74%,"$37,769","$44,742","$38,481","$52,334",-0.11,36,81%,65%,"$44,745","$55,399","$41,175","$63,109",-0.16
"Houma-Thibodaux, LA",26380,250,58%,54%,"$32,373","$56,000","$29,246","$53,874",-0.04,245,71%,57%,"$26,634","$37,769","$23,089","$40,636",-0.14,249,60%,53%,"$36,503","$61,087","$30,785","$58,491",-0.07,250,53%,60%,"$33,598","$63,922","$32,324","$53,874",0.07
"Houston-The Woodlands-Sugar Land, TX",26420,123,81%,74%,"$43,779","$53,955","$44,638","$60,031",-0.07,57,95%,91%,"$31,562","$33,374","$34,325","$37,558",-0.03,89,84%,71%,"$48,000","$57,361","$46,177","$64,648",-0.12,184,71%,62%,"$49,300","$69,232","$47,717","$76,962",-0.09
"Huntsville, AL",26620,235,72%,63%,"$41,473","$58,000","$38,481","$61,570",-0.09,202,83%,81%,"$26,978","$32,580","$28,707","$35,403",-0.02,233,72%,65%,"$42,000","$58,000","$42,329","$64,648",-0.07,237,64%,56%,"$52,203","$81,000","$43,099","$76,962",-0.08
"Indianapolis-Carmel-Anderson, IN",26900,177,78%,72%,"$42,000","$53,955","$43,099","$60,031",-0.06,96,92%,86%,"$32,373","$35,000","$36,942","$43,099",-0.07,147,80%,75%,"$45,815","$57,361","$46,177","$61,570",-0.05,188,71%,59%,"$45,811","$64,662","$43,869","$74,038",-0.12
"Iowa City, IA",26980,63,84%,no data,"$46,121","$55,000",no data,no data,no data,15,101%,no data,"$31,562","$31,288",no data,no data,no data,49,86%,0%,"$51,138","$59,660",no data,no data,no data,58,79%,0%,"$53,268","$67,791",no data,no data,no data
"Ithaca, NY",27060,77,83%,no data,"$48,870","$58,595",no data,no data,no data,53,95%,no data,"$32,783","$34,616",no data,no data,no data,153,80%,0%,"$50,906","$63,922",no data,no data,no data,134,74%,0%,"$57,015","$76,706",no data,no data,no data
"Jackson, MI",27100,112,82%,68%,"$39,603","$48,560","$41,560","$61,570",-0.14,187,85%,70%,"$26,634","$31,288","$30,785","$44,176",-0.15,156,79%,70%,"$41,405","$52,147","$43,099","$61,570",-0.09,61,78%,63%,"$41,717","$53,268","$43,407","$69,266",-0.16
"Jackson, MS",27140,134,80%,no data,"$37,288","$46,402",no data,no data,no data,124,90%,no data,"$27,429","$30,544",no data,no data,no data,157,79%,0%,"$38,848","$49,000",no data,no data,no data,133,74%,0%,"$41,717","$56,113",no data,no data,no data
"Jacksonville, FL",27260,145,80%,74%,"$40,000","$50,000","$38,481","$52,334",-0.06,72,94%,88%,"$30,000","$31,961","$32,324","$36,942",-0.06,113,82%,75%,"$42,615","$52,147","$41,560","$55,413",-0.07,157,73%,68%,"$44,745","$61,087","$42,329","$62,647",-0.06
"Janesville-Beloit, WI",27500,212,75%,63%,"$38,353","$50,906","$38,481","$61,570",-0.13,105,91%,70%,"$27,699","$30,400","$30,785","$44,176",-0.21,200,76%,66%,"$40,725","$53,268","$40,328","$61,570",-0.11,204,69%,54%,"$41,000","$59,351","$38,943","$71,729",-0.15
"Jefferson City, MO",27620,59,84%,no data,"$37,161","$44,186",no data,no data,no data,46,96%,no data,"$28,765","$30,000",no data,no data,no data,161,79%,0%,"$38,000","$48,000",no data,no data,no data,89,77%,0%,"$40,675","$52,942",no data,no data,no data
"Johnstown, PA",27780,180,78%,73%,"$36,503","$46,932","$33,863","$46,177",-0.04,131,89%,78%,"$31,288","$35,000","$26,321","$33,863",-0.12,231,73%,77%,"$37,670","$51,777","$35,403","$46,177",0.04,132,74%,68%,"$36,474","$49,000","$36,634","$53,874",-0.06
"Joplin, MO",27900,114,82%,68%,"$34,000","$41,717","$30,785","$44,946",-0.13,136,89%,73%,"$26,000","$29,202","$24,628","$33,863",-0.16,116,81%,73%,"$36,000","$44,319","$33,556","$46,177",-0.09,135,74%,63%,"$35,634","$47,941","$30,785","$49,256",-0.12
"Kalamazoo-Portage, MI",28020,173,78%,74%,"$40,000","$51,138","$43,099","$58,491",-0.05,162,87%,81%,"$27,949","$31,961","$32,324","$40,020",-0.07,149,80%,74%,"$43,386","$54,334","$45,408","$61,570",-0.06,226,67%,67%,"$42,965","$63,922","$46,177","$69,266",-0.01
"Kankakee, IL",28100,230,73%,66%,"$38,688","$52,942","$38,481","$58,491",-0.07,222,81%,74%,"$28,765","$35,634","$30,785","$41,560",-0.07,228,73%,61%,"$41,717","$57,015","$38,943","$63,571",-0.12,224,68%,67%,"$41,443","$61,087","$46,177","$69,266",-0.01
"Kansas City, MO-KS",28140,155,80%,72%,"$43,164","$54,233","$44,484","$61,570",-0.07,156,88%,85%,"$31,288","$35,634","$35,403","$41,560",-0.03,194,77%,72%,"$45,815","$59,660","$46,331","$64,648",-0.05,121,75%,67%,"$48,000","$64,141","$46,177","$69,266",-0.08
"Knoxville, TN",28940,135,80%,73%,"$37,288","$46,402","$35,403","$48,486",-0.07,83,93%,83%,"$28,507","$30,544","$29,246","$35,403",-0.11,130,80%,74%,"$39,605","$49,200","$38,481","$52,334",-0.07,185,71%,59%,"$40,725","$57,193","$36,480","$61,570",-0.12
"La Crosse-Onalaska, WI-MN",29100,72,83%,no data,"$40,000","$47,941",no data,no data,no data,200,83%,no data,"$31,288","$37,769",no data,no data,no data,40,86%,0%,"$43,164","$50,000",no data,no data,no data,106,75%,0%,"$41,006","$54,334",no data,no data,no data
"Lafayette, LA",29180,247,66%,62%,"$35,000","$53,268","$30,785","$49,564",-0.04,179,85%,67%,"$27,699","$32,435","$24,628","$36,942",-0.19,247,64%,58%,"$35,634","$56,113","$32,324","$55,413",-0.05,242,63%,59%,"$37,546","$60,069","$32,324","$55,105",-0.04
"Lafayette-West Lafayette, IN",29200,214,75%,no data,"$37,546","$50,000",no data,no data,no data,87,93%,no data,"$29,136","$31,288",no data,no data,no data,166,79%,0%,"$42,615","$53,980",no data,no data,no data,216,69%,0%,"$43,803","$63,922",no data,no data,no data
"Lake Havasu City-Kingman, AZ",29420,95,83%,74%,"$33,000","$40,000","$30,785","$41,560",-0.08,98,92%,78%,"$25,683","$28,000","$24,628","$31,555",-0.14,14,91%,74%,"$37,670","$41,600","$33,863","$45,870",-0.17,119,75%,69%,"$35,125","$46,932","$30,477","$44,022",-0.06
"Lakeland-Winter Haven, FL",29460,102,82%,75%,"$33,452","$40,725","$34,633","$46,177",-0.07,93,93%,86%,"$26,634","$28,765","$29,246","$33,863",-0.06,19,89%,73%,"$36,503","$41,006","$35,864","$49,256",-0.16,127,75%,67%,"$37,229","$49,855","$36,942","$55,413",-0.08
"Lancaster, PA",29540,219,75%,68%,"$39,632","$53,000","$38,481","$56,183",-0.06,226,80%,77%,"$30,544","$38,000","$32,016","$41,560",-0.03,232,73%,68%,"$41,717","$57,361","$41,560","$61,570",-0.05,173,72%,63%,"$42,615","$59,051","$38,481","$61,570",-0.10
"Lansing-East Lansing, MI",29620,52,85%,74%,"$43,164","$50,906","$46,177","$62,647",-0.11,203,83%,85%,"$26,978","$32,580","$33,863","$40,020",0.02,33,87%,75%,"$47,000","$53,955","$49,256","$66,034",-0.13,68,78%,67%,"$52,000","$66,748","$53,874","$80,041",-0.11
"Laredo, TX",29700,224,74%,75%,"$28,057","$37,769","$27,706","$36,942",0.01,192,84%,89%,"$21,086","$25,000","$24,628","$27,706",0.05,222,74%,78%,"$31,961","$43,164","$32,324","$41,560",0.04,232,66%,68%,"$28,159","$42,760","$24,936","$36,942",0.02
"Las Cruces, NM",29740,16,90%,77%,"$31,961","$35,500","$30,939","$40,020",-0.13,117,90%,82%,"$23,000","$25,453","$22,627","$27,706",-0.09,42,86%,79%,"$34,531","$40,000","$33,863","$43,099",-0.08,111,75%,61%,"$36,503","$48,560","$35,403","$58,491",-0.15
"Las Vegas-Henderson-Paradise, NV",29820,25,87%,79%,"$38,848","$44,675","$41,560","$52,334",-0.08,36,98%,88%,"$30,544","$31,288","$33,863","$38,481",-0.1,39,86%,79%,"$41,438","$48,000","$44,638","$56,183",-0.07,38,81%,69%,"$42,000","$52,147","$42,329","$61,570",-0.12
"Lawrence, KS",29940,201,76%,no data,"$39,707","$52,147",no data,no data,no data,78,94%,no data,"$25,899","$27,638",no data,no data,no data,151,80%,0%,"$44,745","$56,113",no data,no data,no data,22,83%,0%,"$52,000","$62,588",no data,no data,no data
"Lebanon, PA",30140,181,78%,74%,"$37,769","$48,560","$37,712","$51,257",-0.04,12,102%,80%,"$31,078","$30,544","$30,785","$38,481",-0.22,186,77%,71%,"$40,000","$51,797","$38,481","$53,874",-0.06,151,74%,71%,"$40,484","$54,978","$41,560","$58,491",-0.03
"Lima, OH",30620,209,76%,no data,"$35,460","$46,932",no data,no data,no data,215,82%,no data,"$26,073","$31,961",no data,no data,no data,220,74%,0%,"$37,288","$50,072",no data,no data,no data,218,68%,0%,"$37,546","$55,000",no data,no data,no data
"Lincoln, NE",30700,161,79%,77%,"$39,503","$50,000","$39,559","$51,565",-0.02,189,85%,89%,"$27,699","$32,580","$33,863","$38,019",0.04,165,79%,78%,"$42,085","$53,268","$44,176","$56,952",-0.01,83,77%,63%,"$44,745","$58,033","$40,020","$63,879",-0.14
"Little Rock-North Little Rock-Conway, AR",30780,37,86%,78%,"$39,927","$46,402","$38,173","$49,256",-0.09,112,91%,83%,"$27,699","$30,544","$29,246","$35,403",-0.08,78,84%,75%,"$42,000","$50,000","$40,020","$53,104",-0.09,37,81%,65%,"$45,510","$56,464","$40,020","$61,570",-0.16
"Los Angeles-Long Beach-Anaheim, CA",31080,6,92%,84%,"$45,815","$50,061","$47,871","$56,952",-0.07,18,100%,104%,"$32,373","$32,373","$36,942","$35,403",0.04,4,95%,85%,"$50,702","$53,268","$52,334","$61,570",-0.10,13,85%,71%,"$52,000","$61,087","$53,874","$75,423",-0.14
"Louisville/Jefferson County, KY-IN",31140,142,80%,71%,"$40,725","$50,906","$38,481","$53,874",-0.09,145,88%,84%,"$30,544","$34,531","$32,324","$38,481",-0.04,138,80%,72%,"$42,761","$53,268","$41,560","$57,722",-0.08,149,74%,63%,"$45,000","$61,087","$40,636","$64,648",-0.11
"Lubbock, TX",31180,207,76%,70%,"$34,092","$45,000","$32,324","$46,177",-0.06,231,80%,85%,"$24,435","$30,544","$26,013","$30,785",0.05,224,74%,76%,"$37,546","$50,906","$35,403","$46,331",0.03,169,73%,62%,"$39,927","$55,000","$38,019","$61,570",-0.11
"Lynchburg, VA",31340,156,79%,70%,"$37,288","$46,932","$34,633","$49,256",-0.09,106,91%,91%,"$29,830","$32,783","$30,785","$33,863",0,144,80%,68%,"$40,725","$50,906","$35,403","$52,334",-0.12,180,72%,60%,"$38,848","$54,233","$36,942","$61,724",-0.12
"Madera, CA",31460,115,81%,74%,"$34,730","$42,615","$38,481","$52,334",-0.08,133,89%,78%,"$26,978","$30,215","$26,321","$33,863",-0.12,221,74%,77%,"$35,610","$47,912","$41,560","$53,874",0.03,14,85%,63%,"$41,546","$48,870","$38,789","$61,570",-0.22
"Manchester-Nashua, NH",31700,217,75%,73%,"$46,932","$62,576","$44,638","$61,570",-0.03,161,88%,73%,"$35,000","$40,000","$33,863","$46,177",-0.14,211,75%,70%,"$49,007","$65,000","$47,101","$67,727",-0.06,182,71%,62%,"$53,955","$75,537","$44,946","$72,345",-0.09
"Mansfield, OH",31900,237,70%,66%,"$33,374","$47,481","$35,403","$53,874",-0.05,247,69%,68%,"$22,373","$32,644","$26,167","$38,481",-0.01,212,75%,68%,"$38,353","$50,906","$37,404","$55,105",-0.07,177,72%,55%,"$36,503","$50,906","$35,711","$64,648",-0.16
"McAllen-Edinburg-Mission, TX",32580,109,82%,92%,"$29,830","$36,503","$28,168","$30,785",0.10,225,80%,96%,"$21,700","$26,978","$23,089","$24,012",0.16,88,84%,83%,"$34,092","$40,725","$30,785","$36,942",0.00,150,74%,83%,"$30,000","$40,725","$30,785","$36,942",0.10
"Medford, OR",32780,150,80%,79%,"$36,652","$45,862","$36,942","$46,793",-0.01,165,87%,82%,"$26,634","$30,544","$27,706","$33,863",-0.05,112,82%,75%,"$41,006","$50,072","$38,481","$51,565",-0.07,108,75%,70%,"$39,927","$52,942","$40,020","$57,106",-0.05
"Memphis, TN-MS-AR",32820,86,83%,74%,"$39,632","$47,800","$40,020","$53,874",-0.09,102,92%,84%,"$28,057","$30,645","$32,324","$38,481",-0.08,76,84%,74%,"$41,717","$49,639","$43,099","$58,491",-0.10,107,75%,64%,"$44,547","$59,051","$41,560","$64,648",-0.11
"Merced, CA",32900,19,89%,75%,"$35,634","$40,000","$36,942","$49,256",-0.14,39,97%,82%,"$27,000","$27,699","$27,245","$33,248",-0.16,3,96%,74%,"$40,725","$42,615","$38,481","$51,873",-0.21,24,83%,75%,"$38,000","$46,000","$46,177","$61,570",-0.08
"Miami-Fort Lauderdale-West Palm Beach, FL",33100,18,89%,81%,"$38,000","$42,615","$40,790","$50,333",-0.08,23,99%,92%,"$29,830","$30,000","$33,863","$36,942",-0.08,15,91%,81%,"$40,725","$45,000","$44,638","$55,413",-0.10,26,82%,77%,"$41,000","$50,000","$41,252","$53,874",-0.05
"Michigan City-La Porte, IN",33140,240,69%,66%,"$34,417","$49,888","$35,403","$53,874",-0.03,194,83%,78%,"$25,000","$30,000","$29,861","$38,481",-0.06,241,69%,64%,"$36,503","$53,268","$35,557","$55,413",-0.04,213,69%,59%,"$37,769","$55,034","$38,481","$65,726",-0.10
"Midland, TX",33260,246,66%,67%,"$42,760","$64,987","$36,942","$55,413",0.01,178,85%,67%,"$36,435","$42,615","$24,628","$36,942",-0.19,246,65%,67%,"$45,815","$70,142","$40,020","$60,031",0.01,234,65%,54%,"$46,932","$72,000","$39,251","$72,345",-0.11
"Milwaukee-Waukesha-West Allis, WI",33340,133,80%,71%,"$45,000","$55,996","$43,715","$61,570",-0.09,139,89%,85%,"$33,374","$37,546","$35,403","$41,868",-0.04,90,84%,71%,"$49,888","$59,660","$46,177","$65,418",-0.13,80,77%,62%,"$50,000","$64,746","$45,100","$72,345",-0.15
"Minneapolis-St. Paul-Bloomington, MN-WI",33460,119,81%,76%,"$50,582","$62,105","$49,102","$64,648",-0.05,118,90%,87%,"$36,503","$40,484","$40,020","$46,177",-0.03,93,83%,78%,"$54,334","$65,160","$53,720","$69,266",-0.06,101,76%,64%,"$55,276","$73,006","$49,256","$76,962",-0.12
"Mobile, AL",33660,233,72%,66%,"$34,417","$47,975","$32,324","$49,256",-0.06,236,78%,71%,"$23,438","$30,000","$26,167","$36,942",-0.07,235,72%,65%,"$37,546","$52,000","$35,249","$53,874",-0.07,238,64%,56%,"$35,634","$55,399","$34,479","$61,570",-0.08
"Modesto, CA",33700,143,80%,75%,"$40,725","$50,906","$41,560","$55,413",-0.05,37,98%,83%,"$30,544","$31,288","$30,785","$37,250",-0.15,142,80%,72%,"$42,615","$53,268","$43,099","$60,031",-0.08,92,77%,69%,"$46,800","$61,087","$46,947","$68,189",-0.08
"Monroe, LA",33740,241,69%,74%,"$33,000","$47,941","$34,171","$46,177",0.05,32,98%,95%,"$27,000","$27,489","$30,785","$32,324",-0.03,240,70%,74%,"$35,634","$50,906","$35,403","$47,717",0.04,248,56%,58%,"$34,300","$61,087","$35,403","$61,570",0.01
"Monroe, MI",33780,215,75%,59%,"$44,288","$59,000","$41,560","$70,344",-0.16,230,80%,59%,"$28,507","$35,634","$30,785","$52,334",-0.21,230,73%,59%,"$46,000","$63,123","$45,408","$76,962",-0.14,199,69%,62%,"$48,581","$70,000","$47,717","$76,962",-0.07
"Montgomery, AL",33860,146,80%,75%,"$36,652","$45,815","$36,942","$49,256",-0.05,185,85%,85%,"$24,503","$28,765","$28,938","$33,863",0,202,76%,71%,"$39,707","$52,000","$38,481","$53,874",-0.05,163,73%,66%,"$41,717","$57,193","$42,329","$64,033",-0.07
"Morgantown, WV",34060,202,76%,73%,"$39,419","$51,797","$34,941","$47,717",-0.03,2,114%,89%,"$32,373","$28,507","$24,628","$27,706",-0.25,226,74%,70%,"$42,085","$57,193","$35,403","$50,795",-0.04,228,67%,73%,"$43,164","$64,662","$42,637","$58,491",0.06
"Muncie, IN",34620,46,85%,64%,"$36,652","$43,000","$34,633","$53,874",-0.21,137,89%,65%,"$25,453","$28,609","$26,167","$40,328",-0.24,164,79%,66%,"$39,419","$49,859","$35,403","$53,874",-0.13,95,76%,56%,"$39,700","$52,147","$39,097","$69,266",-0.20
"Muskegon, MI",34740,195,77%,69%,"$36,000","$46,932","$38,481","$55,413",-0.07,223,81%,76%,"$27,489","$34,092","$30,477","$40,020",-0.04,101,83%,66%,"$39,632","$48,000","$38,481","$58,491",-0.17,178,72%,71%,"$39,632","$55,276","$46,177","$64,648",0.00
"Myrtle Beach-Conway-North Myrtle Beach, SC-NC",34820,38,86%,no data,"$35,000","$40,725",no data,no data,no data,44,97%,no data,"$26,073","$26,978",no data,no data,no data,69,84%,0%,"$36,000","$42,615",no data,no data,no data,96,76%,0%,"$38,688","$50,906",no data,no data,no data
"Napa, CA",34900,1,98%,82%,"$53,268","$54,334","$50,333","$61,570",-0.16,49,95%,88%,"$35,460","$37,288","$33,863","$38,481",-0.07,1,98%,83%,"$55,000","$56,000","$53,874","$64,648",-0.15,2,94%,65%,"$63,922","$67,791","$55,413","$84,659",-0.29
"Naples-Immokalee-Marco Island, FL",34940,2,95%,84%,"$38,693","$40,725","$40,020","$47,717",-0.11,5,108%,88%,"$29,830","$27,699","$31,093","$35,403",-0.2,5,95%,82%,"$39,707","$41,717","$43,099","$52,334",-0.13,10,87%,67%,"$45,811","$52,942","$40,944","$61,570",-0.20
"Nashville-Davidson--Murfreesboro--Franklin, TN",34980,118,81%,75%,"$40,725","$50,000","$40,636","$53,874",-0.06,41,97%,88%,"$31,961","$33,000","$33,863","$38,481",-0.09,126,81%,73%,"$43,000","$53,268","$44,484","$60,800",-0.08,90,77%,64%,"$45,815","$59,660","$41,560","$64,648",-0.13
"New Haven-Milford, CT",35300,56,84%,76%,"$52,876","$62,588","$49,256","$64,648",-0.08,63,94%,83%,"$35,634","$37,769","$38,481","$46,177",-0.11,68,84%,76%,"$54,000","$63,922","$52,334","$69,266",-0.09,57,79%,68%,"$59,051","$75,091","$52,334","$76,962",-0.11
"New Orleans-Metairie, LA",35380,169,78%,71%,"$39,927","$50,906","$36,942","$52,334",-0.08,157,88%,78%,"$28,057","$31,961","$27,706","$35,403",-0.1,182,77%,71%,"$41,717","$53,955","$39,097","$55,413",-0.07,190,71%,63%,"$43,164","$61,087","$38,481","$61,570",-0.08
"New York-Newark-Jersey City, NY-NJ-PA",35620,50,85%,79%,"$54,233","$63,922","$52,488","$66,188",-0.06,8,102%,96%,"$41,717","$40,725","$44,330","$46,177",-0.06,35,87%,77%,"$60,000","$69,249","$55,413","$72,345",-0.10,85,77%,70%,"$57,361","$74,458","$53,874","$76,962",-0.07
"Niles-Benton Harbor, MI",35660,175,78%,67%,"$38,200","$48,870","$36,788","$55,105",-0.11,244,74%,76%,"$26,073","$35,043","$29,246","$38,481",0.02,155,79%,66%,"$39,707","$50,000","$38,481","$58,491",-0.14,102,76%,62%,"$42,615","$56,319","$40,482","$65,418",-0.14
"North Port-Sarasota-Bradenton, FL",35840,87,83%,78%,"$37,963","$45,815","$38,481","$49,256",-0.05,115,91%,91%,"$26,073","$28,785","$30,785","$33,863",0,85,84%,77%,"$39,299","$46,932","$41,252","$53,874",-0.07,44,80%,71%,"$43,282","$53,955","$38,481","$53,874",-0.09
"Norwich-New London, CT",35980,204,76%,75%,"$48,560","$63,922","$46,177","$61,570",-0.01,31,98%,96%,"$35,634","$36,222","$35,403","$36,942",-0.03,207,76%,70%,"$50,178","$66,053","$47,717","$67,727",-0.06,221,68%,68%,"$53,955","$79,263","$51,488","$76,039",0.00
"Ocala, FL",36100,17,90%,79%,"$34,092","$38,000","$33,402","$42,329",-0.11,143,89%,90%,"$26,471","$29,830","$27,706","$30,785",0.01,21,89%,79%,"$36,474","$41,000","$35,403","$44,792",-0.10,16,85%,77%,"$37,288","$44,000","$35,403","$46,177",-0.08
"Ocean City, NJ",36140,47,85%,74%,"$49,639","$58,404","$43,407","$58,491",-0.11,181,85%,95%,"$31,288","$36,652","$30,785","$32,324",0.1,9,92%,75%,"$54,000","$58,404","$46,177","$61,570",-0.17,6,87%,78%,"$59,051","$67,791","$50,179","$64,648",-0.09
"Odessa, TX",36220,248,63%,72%,"$34,731","$55,000","$32,324","$44,638",0.09,248,68%,68%,"$26,634","$39,214","$23,089","$33,863",0,248,63%,73%,"$40,000","$63,922","$33,863","$46,177",0.11,245,60%,75%,"$36,503","$61,087","$36,942","$49,256",0.15
"Ogden-Clearfield, UT",36260,238,70%,64%,"$39,096","$56,113","$38,481","$60,031",-0.06,101,92%,82%,"$29,675","$32,373","$30,785","$37,712",-0.1,243,68%,64%,"$41,762","$61,791","$41,560","$64,648",-0.03,240,63%,62%,"$44,400","$70,000","$43,253","$70,190",-0.02
"Oklahoma City, OK",36420,210,76%,76%,"$37,769","$50,000","$37,250","$49,256",0.00,216,81%,84%,"$27,116","$33,300","$27,860","$33,248",0.02,197,77%,74%,"$40,000","$52,147","$40,020","$53,874",-0.02,172,72%,66%,"$43,164","$59,660","$40,020","$60,800",-0.07
"Olympia-Tumwater, WA",36500,69,84%,75%,"$48,560","$58,033","$46,177","$61,570",-0.09,163,87%,84%,"$30,215","$34,616","$33,863","$40,482",-0.04,145,80%,77%,"$49,639","$62,105","$49,256","$64,033",-0.03,19,84%,71%,"$61,087","$72,723","$49,256","$69,574",-0.13
"Omaha-Council Bluffs, NE-IA",36540,110,82%,74%,"$43,164","$52,876","$40,020","$53,874",-0.07,103,91%,88%,"$33,374","$36,503","$33,863","$38,481",-0.03,51,86%,76%,"$47,941","$55,996","$43,099","$56,952",-0.10,116,75%,69%,"$45,000","$60,000","$42,175","$61,570",-0.07
"Orlando-Kissimmee-Sanford, FL",36740,34,86%,77%,"$37,288","$43,164","$38,481","$49,872",-0.09,58,95%,83%,"$28,600","$30,245","$30,785","$36,942",-0.11,45,86%,75%,"$40,484","$46,932","$41,560","$55,413",-0.11,39,80%,66%,"$41,975","$52,147","$38,481","$58,491",-0.15
"Oshkosh-Neenah, WI",36780,218,75%,no data,"$39,000","$52,147",no data,no data,no data,224,80%,no data,"$30,000","$37,288",no data,no data,no data,185,77%,0%,"$41,717","$54,000",no data,no data,no data,196,70%,0%,"$41,549","$59,660",no data,no data,no data
"Owensboro, KY",36980,222,74%,63%,"$37,769","$50,804","$32,016","$50,795",-0.11,217,81%,74%,"$25,453","$31,294","$27,553","$37,096",-0.07,215,75%,64%,"$38,353","$51,138","$33,863","$53,104",-0.11,225,67%,54%,"$40,484","$60,000","$32,940","$61,570",-0.14
"Oxnard-Thousand Oaks-Ventura, CA",37100,22,89%,74%,"$50,000","$56,464","$49,256","$66,342",-0.14,19,100%,92%,"$31,288","$31,288","$33,863","$36,942",-0.08,25,88%,74%,"$52,147","$59,051","$53,874","$72,345",-0.14,158,73%,63%,"$58,595","$80,000","$55,413","$87,737",-0.10
"Palm Bay-Melbourne-Titusville, FL",37340,184,78%,69%,"$39,500","$50,906","$38,481","$55,413",-0.08,116,90%,82%,"$26,978","$29,830","$27,706","$33,863",-0.09,128,81%,70%,"$41,006","$50,906","$40,790","$58,491",-0.11,210,69%,60%,"$44,429","$64,662","$39,405","$66,188",-0.09
"Pensacola-Ferry Pass-Brent, FL",37860,220,75%,71%,"$35,251","$47,157","$33,863","$47,409",-0.03,120,90%,77%,"$28,800","$32,000","$26,167","$33,863",-0.13,238,71%,73%,"$36,000","$50,906","$36,942","$50,795",0.02,206,69%,62%,"$38,848","$56,319","$38,327","$61,570",-0.07
"Philadelphia-Camden-Wilmington, PA-NJ-DE-MD",37980,100,82%,74%,"$50,610","$61,533","$47,717","$64,648",-0.08,50,95%,89%,"$35,634","$37,546","$38,481","$43,253",-0.06,91,83%,74%,"$54,233","$65,000","$50,949","$69,266",-0.10,147,74%,65%,"$54,978","$74,576","$49,256","$76,193",-0.09
"Phoenix-Mesa-Scottsdale, AZ",38060,74,83%,80%,"$41,717","$50,000","$43,099","$53,874",-0.03,43,97%,92%,"$30,896","$31,961","$35,403","$38,327",-0.04,92,83%,75%,"$45,000","$53,955","$46,177","$61,570",-0.08,60,78%,71%,"$47,941","$61,087","$46,177","$64,648",-0.07
"Pittsburgh, PA",38300,200,76%,68%,"$43,679","$57,361","$39,097","$57,568",-0.08,197,83%,82%,"$32,373","$39,000","$31,555","$38,481",-0.01,193,77%,69%,"$48,560","$63,123","$42,329","$61,416",-0.08,176,72%,61%,"$45,815","$63,667","$40,020","$65,880",-0.11
"Pittsfield, MA",38340,78,83%,74%,"$45,000","$53,955","$40,020","$53,874",-0.09,171,86%,84%,"$30,245","$35,000","$32,324","$38,481",-0.02,36,87%,74%,"$46,932","$54,233","$41,560","$56,029",-0.12,33,81%,67%,"$50,906","$62,576","$43,099","$64,648",-0.15
"Portland-South Portland, ME",38860,76,83%,76%,"$45,322","$54,334","$40,944","$53,874",-0.07,219,81%,92%,"$30,000","$37,000","$33,863","$36,788",0.11,43,86%,77%,"$49,207","$57,015","$43,869","$56,952",-0.09,48,80%,71%,"$50,906","$63,922","$42,483","$59,877",-0.09
"Portland-Vancouver-Hillsboro, OR-WA",38900,127,81%,75%,"$48,000","$59,351","$46,177","$61,570",-0.06,125,90%,89%,"$33,452","$37,288","$36,018","$40,636",-0.01,108,82%,74%,"$52,445","$63,922","$48,025","$64,648",-0.08,110,75%,71%,"$52,942","$70,314","$49,256","$69,266",-0.04
"Port St. Lucie, FL",38940,67,84%,80%,"$36,150","$43,164","$36,942","$46,177",-0.04,52,95%,95%,"$26,073","$27,489","$29,246","$30,785",0,102,82%,78%,"$37,769","$45,815","$38,481","$49,256",-0.04,78,77%,71%,"$41,717","$54,000","$38,481","$53,874",-0.06
"Prescott, AZ",39140,28,87%,73%,"$37,500","$43,164","$33,863","$46,177",-0.14,213,82%,85%,"$24,397","$29,830","$26,167","$30,785",0.03,150,80%,73%,"$39,000","$48,870","$35,403","$48,332",-0.07,12,85%,67%,"$42,615","$50,061","$36,172","$53,874",-0.18
"Providence-Warwick, RI-MA",39300,75,83%,72%,"$47,852","$57,361","$41,868","$57,876",-0.11,159,88%,88%,"$33,129","$37,769","$33,863","$38,481",0,61,85%,75%,"$50,906","$60,000","$46,024","$61,570",-0.10,67,78%,67%,"$52,147","$66,905","$43,253","$64,648",-0.11
"Provo-Orem, UT",39340,249,62%,58%,"$35,690","$57,193","$32,324","$55,413",-0.04,209,82%,72%,"$26,634","$32,373","$27,706","$38,481",-0.1,250,60%,56%,"$41,717","$70,000","$38,635","$69,266",-0.04,249,55%,52%,"$41,743","$76,000","$38,481","$73,884",-0.03
"Pueblo, CO",39380,57,84%,79%,"$38,688","$45,811","$36,326","$46,177",-0.06,188,85%,78%,"$26,000","$30,544","$27,706","$35,403",-0.07,148,80%,78%,"$39,927","$50,000","$36,942","$47,255",-0.02,70,78%,64%,"$43,000","$55,399","$39,713","$61,724",-0.13
"Racine, WI",39540,211,75%,66%,"$40,725","$53,955","$41,560","$63,109",-0.10,104,91%,74%,"$28,552","$31,294","$31,862","$43,099",-0.17,187,77%,67%,"$45,815","$59,351","$44,638","$66,188",-0.10,223,68%,60%,"$43,254","$63,619","$43,099","$72,345",-0.08
"Raleigh, NC",39580,162,79%,75%,"$46,932","$59,447","$46,177","$61,570",-0.04,64,94%,94%,"$33,598","$35,634","$38,481","$40,790",0,170,79%,71%,"$50,906","$64,746","$49,256","$69,266",-0.08,152,74%,60%,"$52,147","$70,920","$46,177","$76,962",-0.14
"Reading, PA",39740,157,79%,68%,"$41,300","$52,147","$38,481","$56,952",-0.12,233,79%,75%,"$30,000","$37,769","$31,093","$41,560",-0.05,80,84%,68%,"$45,322","$53,955","$41,560","$61,570",-0.16,138,74%,62%,"$44,533","$60,000","$38,481","$62,032",-0.12
"Redding, CA",39820,205,76%,71%,"$38,848","$51,138","$38,481","$53,874",-0.05,142,89%,87%,"$26,634","$30,000","$26,783","$30,785",-0.02,152,80%,70%,"$43,000","$53,955","$39,713","$56,336",-0.09,64,78%,60%,"$46,932","$60,069","$41,252","$69,266",-0.19
"Reno, NV",39900,62,84%,80%,"$40,725","$48,560","$43,099","$53,874",-0.04,61,94%,91%,"$30,544","$32,373","$33,710","$36,942",-0.03,65,85%,81%,"$45,000","$53,190","$46,177","$56,952",-0.04,42,80%,75%,"$45,811","$57,000","$46,177","$61,724",-0.06
"Richmond, VA",40060,79,83%,74%,"$45,000","$53,955","$43,099","$58,491",-0.10,20,100%,87%,"$32,373","$32,373","$36,172","$41,560",-0.13,86,84%,75%,"$48,560","$58,000","$46,177","$61,570",-0.09,124,75%,67%,"$50,000","$66,905","$46,177","$69,266",-0.08
"Riverside-San Bernardino-Ontario, CA",40140,103,82%,76%,"$40,570","$49,423","$43,099","$56,952",-0.06,84,93%,91%,"$27,951","$30,000","$30,785","$33,863",-0.02,122,81%,75%,"$43,164","$53,268","$46,177","$61,570",-0.06,51,79%,69%,"$48,560","$61,087","$47,717","$69,266",-0.11
"Roanoke, VA",40220,73,83%,no data,"$40,000","$47,941",no data,no data,no data,45,96%,no data,"$30,000","$31,288",no data,no data,no data,53,85%,0%,"$42,615","$49,855",no data,no data,no data,32,81%,0%,"$43,893","$53,955",no data,no data,no data
"Rochester, NY",40380,122,81%,70%,"$43,803","$53,955","$43,253","$61,570",-0.11,109,91%,85%,"$32,373","$35,634","$32,786","$38,481",-0.06,59,85%,75%,"$47,941","$56,464","$46,177","$61,878",-0.10,131,74%,64%,"$47,000","$63,123","$46,177","$72,345",-0.11
"Rockford, IL",40420,226,74%,64%,"$38,353","$51,924","$39,097","$61,570",-0.10,204,83%,76%,"$26,978","$32,580","$31,555","$41,560",-0.07,192,77%,67%,"$40,164","$52,147","$43,099","$64,648",-0.10,200,69%,54%,"$43,803","$63,123","$40,020","$73,884",-0.15
"Rocky Mount, NC",40580,125,81%,77%,"$34,518","$42,615","$35,403","$46,177",-0.04,111,91%,88%,"$24,469","$26,978","$29,861","$33,863",-0.03,32,87%,77%,"$37,500","$43,041","$36,942","$47,717",-0.10,144,74%,70%,"$37,546","$50,718","$35,557","$50,795",-0.04
"Sacramento--Roseville--Arden-Arcade, CA",40900,29,87%,79%,"$50,906","$58,595","$48,794","$61,570",-0.08,16,101%,96%,"$33,598","$33,374","$36,942","$38,481",-0.05,27,88%,79%,"$55,000","$62,576","$52,334","$66,188",-0.09,31,81%,70%,"$59,660","$73,304","$53,874","$76,962",-0.11
"Saginaw, MI",40980,234,72%,62%,"$35,000","$48,870","$38,327","$61,570",-0.09,242,77%,88%,"$24,503","$31,961","$30,785","$35,095",0.11,236,72%,66%,"$35,817","$50,000","$41,560","$63,109",-0.06,197,70%,50%,"$40,000","$57,530","$39,713","$80,041",-0.20
"St. George, UT",41100,166,79%,no data,"$36,009","$45,815",no data,no data,no data,24,99%,no data,"$29,136","$29,307",no data,no data,no data,175,78%,0%,"$40,000","$51,104",no data,no data,no data,247,57%,0%,"$36,690","$64,746",no data,no data,no data
"St. Joseph, MO-KS",41140,106,82%,no data,"$36,862","$45,000",no data,no data,no data,207,83%,no data,"$28,057","$34,005",no data,no data,no data,204,76%,0%,"$37,000","$48,560",no data,no data,no data,56,79%,0%,"$40,153","$50,906",no data,no data,no data
"St. Louis, MO-IL",41180,183,78%,69%,"$42,761","$55,000","$42,637","$61,570",-0.08,164,87%,81%,"$30,544","$35,000","$33,863","$41,560",-0.06,180,78%,73%,"$46,324","$59,660","$46,177","$63,571",-0.05,146,74%,59%,"$47,975","$65,000","$43,099","$73,422",-0.15
"Salinas, CA",41500,10,91%,81%,"$41,717","$45,815","$46,177","$56,952",-0.10,89,93%,95%,"$26,978","$29,000","$32,324","$33,863",0.02,63,85%,80%,"$43,164","$50,906","$49,256","$61,570",-0.05,4,88%,69%,"$51,777","$58,595","$49,872","$72,345",-0.19
"Salisbury, MD-DE",41540,48,85%,77%,"$40,725","$47,941","$35,403","$46,177",-0.08,158,88%,95%,"$28,368","$32,331","$30,785","$32,324",0.07,22,89%,78%,"$43,164","$48,560","$38,481","$49,256",-0.11,35,81%,62%,"$45,322","$55,996","$36,480","$58,491",-0.19
"Salt Lake City, UT",41620,197,77%,72%,"$40,000","$52,147","$40,020","$55,413",-0.04,95,93%,80%,"$30,871","$33,374","$30,785","$38,481",-0.13,218,75%,73%,"$42,760","$57,361","$44,638","$61,570",-0.02,143,74%,64%,"$47,941","$64,746","$44,022","$69,112",-0.10
"San Angelo, TX",41660,185,77%,75%,"$33,026","$42,615","$32,016","$42,945",-0.03,10,102%,75%,"$27,500","$27,000","$23,704","$31,401",-0.26,234,72%,81%,"$36,000","$49,855","$37,404","$46,177",0.09,235,65%,67%,"$33,598","$52,000","$30,785","$46,177",0.02
"San Antonio-New Braunfels, TX",41700,31,87%,80%,"$38,353","$44,243","$36,942","$46,177",-0.07,88,93%,95%,"$27,116","$29,136","$29,246","$30,785",0.02,52,86%,79%,"$41,743","$48,809","$40,020","$50,795",-0.07,52,79%,68%,"$42,761","$53,955","$38,481","$56,952",-0.12
"San Diego-Carlsbad, CA",41740,14,90%,84%,"$48,581","$53,955","$46,177","$55,105",-0.06,6,105%,110%,"$32,373","$30,755","$33,863","$30,785",0.05,46,86%,80%,"$53,955","$62,588","$49,256","$61,570",-0.06,87,77%,69%,"$55,399","$72,000","$50,949","$73,884",-0.08
"San Francisco-Oakland-Hayward, CA",41860,94,83%,78%,"$67,118","$81,349","$60,031","$76,962",-0.05,33,98%,96%,"$50,000","$50,906","$46,177","$48,025",-0.02,111,82%,78%,"$75,091","$91,631","$62,340","$80,041",-0.04,43,80%,73%,"$70,142","$87,360","$61,570","$84,659",-0.08
"San Jose-Sunnyvale-Santa Clara, CA",41940,231,73%,73%,"$68,183","$93,864","$61,570","$84,659",0.00,146,88%,91%,"$47,941","$54,233","$49,256","$53,874",0.03,214,75%,74%,"$78,220","$104,294","$69,266","$93,894",-0.01,222,68%,70%,"$69,249","$101,812","$64,648","$92,355",0.02
"San Luis Obispo-Paso Robles-Arroyo Grande, CA",42020,149,80%,68%,"$44,846","$56,113","$41,560","$61,570",-0.12,21,100%,71%,"$31,961","$31,961","$26,167","$36,942",-0.29,208,76%,69%,"$48,870","$64,662","$46,177","$66,496",-0.06,183,71%,63%,"$53,955","$75,537","$48,640","$76,962",-0.08
"Santa Cruz-Watsonville, CA",42100,43,85%,73%,"$52,147","$61,087","$50,795","$69,266",-0.12,94,93%,85%,"$31,961","$34,531","$32,786","$38,481",-0.07,47,86%,72%,"$55,000","$63,922","$55,413","$76,962",-0.14,11,85%,71%,"$68,214","$80,000","$60,031","$84,659",-0.14
"Santa Fe, NM",42140,13,90%,74%,"$41,717","$46,300","$43,407","$58,491",-0.16,152,88%,73%,"$26,000","$29,525","$24,628","$33,863",-0.15,44,86%,75%,"$41,900","$48,560","$46,177","$61,570",-0.11,8,87%,58%,"$52,147","$60,000","$46,177","$80,041",-0.29
"Santa Maria-Santa Barbara, CA",42200,15,90%,80%,"$43,164","$47,941","$46,177","$57,722",-0.10,13,101%,100%,"$32,373","$31,961","$32,324","$32,324",-0.01,26,88%,80%,"$44,745","$50,906","$49,256","$61,570",-0.08,9,87%,64%,"$54,233","$62,576","$49,256","$76,962",-0.23
"Santa Rosa, CA",42220,4,93%,77%,"$52,147","$56,113","$49,256","$63,571",-0.15,160,88%,90%,"$32,000","$36,503","$34,787","$38,481",0.03,6,94%,78%,"$55,000","$58,595","$53,874","$69,266",-0.16,17,84%,70%,"$61,087","$72,445","$53,874","$76,962",-0.14
"Scranton--Wilkes-Barre--Hazleton, PA",42540,138,80%,70%,"$39,000","$48,560","$35,403","$50,333",-0.10,169,87%,81%,"$29,202","$33,598","$28,784","$35,403",-0.06,110,82%,72%,"$42,761","$52,147","$38,481","$53,104",-0.10,142,74%,65%,"$40,725","$55,000","$36,172","$55,413",-0.09
"Seattle-Tacoma-Bellevue, WA",42660,191,77%,76%,"$54,000","$70,142","$49,256","$64,802",-0.01,110,91%,89%,"$39,172","$43,164","$38,481","$43,099",-0.01,195,77%,77%,"$60,430","$78,775","$53,874","$70,344",0.00,167,73%,68%,"$59,351","$81,449","$52,642","$76,962",-0.04
"Shreveport-Bossier City, LA",43340,167,79%,74%,"$36,000","$45,815","$35,403","$48,025",-0.05,132,89%,87%,"$25,467","$28,507","$27,706","$32,016",-0.03,223,74%,72%,"$37,000","$50,000","$36,942","$51,565",-0.02,105,75%,64%,"$40,725","$53,955","$38,481","$60,339",-0.12
"Spartanburg, SC",43900,182,78%,76%,"$35,000","$45,000","$37,558","$49,256",-0.02,148,88%,80%,"$26,978","$30,544","$30,785","$38,481",-0.08,188,77%,74%,"$37,288","$48,361","$38,481","$52,334",-0.04,208,69%,66%,"$38,589","$55,996","$38,481","$58,491",-0.03
"Spokane-Spokane Valley, WA",44060,104,82%,74%,"$41,006","$50,000","$38,481","$52,334",-0.08,190,85%,88%,"$27,116","$32,000","$29,707","$33,863",0.03,48,86%,75%,"$44,745","$52,147","$41,560","$55,413",-0.11,91,77%,67%,"$46,343","$60,430","$41,560","$61,955",-0.10
"Springfield, IL",44100,60,84%,77%,"$44,745","$53,268","$42,637","$55,413",-0.07,73,94%,86%,"$30,000","$31,961","$29,246","$33,863",-0.08,64,85%,79%,"$46,932","$55,399","$46,024","$58,491",-0.06,82,77%,69%,"$51,031","$66,178","$46,177","$66,649",-0.08
"Springfield, MA",44140,23,87%,76%,"$47,852","$55,000","$43,715","$57,722",-0.11,107,91%,88%,"$31,562","$34,718","$33,863","$38,481",-0.03,31,87%,75%,"$50,000","$57,361","$46,177","$61,570",-0.12,29,82%,72%,"$53,955","$66,000","$46,177","$64,187",-0.10
"Springfield, MO",44180,97,82%,73%,"$35,610","$43,164","$33,863","$46,177",-0.09,166,87%,86%,"$26,634","$30,544","$27,706","$32,324",-0.01,118,81%,71%,"$37,769","$46,500","$35,403","$50,026",-0.10,63,78%,66%,"$39,632","$50,718","$35,403","$53,874",-0.12
"Springfield, OH",44220,225,74%,68%,"$35,610","$48,000","$38,481","$56,952",-0.07,180,85%,92%,"$26,471","$31,000","$32,016","$34,787",0.07,216,75%,63%,"$36,690","$49,018","$38,635","$61,570",-0.12,174,72%,54%,"$39,632","$55,000","$40,020","$73,884",-0.18
"State College, PA",44300,105,82%,76%,"$42,625","$52,000","$38,789","$50,795",-0.06,75,94%,91%,"$31,294","$33,374","$30,785","$33,863",-0.03,17,89%,75%,"$50,061","$55,996","$41,560","$55,105",-0.14,201,69%,66%,"$45,815","$66,178","$44,484","$67,265",-0.03
"Stockton-Lodi, CA",44700,44,85%,74%,"$41,717","$48,870","$43,099","$58,491",-0.12,76,94%,83%,"$30,544","$32,580","$30,785","$36,942",-0.1,79,84%,75%,"$42,761","$50,906","$46,177","$61,570",-0.09,77,77%,67%,"$50,061","$64,746","$46,177","$69,266",-0.11
"Syracuse, NY",45060,85,83%,70%,"$44,745","$53,955","$40,020","$57,106",-0.13,114,91%,88%,"$31,288","$34,531","$32,324","$36,942",-0.03,105,82%,72%,"$46,402","$56,319","$43,099","$60,031",-0.11,65,78%,63%,"$48,870","$62,576","$41,406","$66,188",-0.16
"Tampa-St. Petersburg-Clearwater, FL",45300,32,87%,81%,"$40,725","$47,000","$40,020","$49,256",-0.05,34,98%,88%,"$30,000","$30,544","$32,324","$36,942",-0.11,41,86%,80%,"$43,164","$50,000","$43,099","$53,874",-0.06,59,79%,71%,"$44,243","$56,319","$39,559","$55,413",-0.07
"Toledo, OH",45780,198,77%,67%,"$40,000","$52,147","$40,020","$60,031",-0.10,173,86%,74%,"$28,500","$33,026","$30,785","$41,560",-0.12,179,78%,70%,"$42,761","$55,000","$43,099","$61,570",-0.08,186,71%,58%,"$43,680","$61,509","$43,099","$73,884",-0.13
"Topeka, KS",45820,126,81%,no data,"$38,848","$48,000",no data,no data,no data,211,82%,no data,"$27,400","$33,452",no data,no data,no data,172,78%,0%,"$40,725","$52,000",no data,no data,no data,49,80%,0%,"$43,779","$55,034",no data,no data,no data
"Trenton, NJ",45940,81,83%,74%,"$55,000","$66,000","$53,874","$72,345",-0.09,40,97%,94%,"$34,000","$35,000","$39,251","$41,560",-0.03,103,82%,76%,"$59,351","$72,000","$58,337","$76,962",-0.07,88,77%,62%,"$61,509","$80,000","$55,567","$89,276",-0.15
"Tucson, AZ",46060,120,81%,78%,"$37,769","$46,402","$38,481","$49,256",-0.03,68,94%,82%,"$28,765","$30,544","$27,706","$33,863",-0.12,191,77%,74%,"$40,000","$51,924","$40,020","$53,874",-0.03,123,75%,68%,"$42,761","$57,193","$41,560","$61,570",-0.07
"Tuscaloosa, AL",46220,188,77%,no data,"$36,294","$46,932",no data,no data,no data,241,77%,no data,"$24,000","$31,288",no data,no data,no data,158,79%,0%,"$39,632","$50,000",no data,no data,no data,161,73%,0%,"$43,803","$60,000",no data,no data,no data
"Tyler, TX",46340,213,75%,70%,"$35,287","$46,932","$34,633","$49,256",-0.05,135,89%,82%,"$27,489","$30,862","$27,706","$33,863",-0.07,206,76%,68%,"$37,288","$49,018","$36,788","$53,874",-0.08,233,65%,61%,"$37,546","$57,361","$38,481","$62,955",-0.04
"Urban Honolulu, HI",46520,33,86%,86%,"$45,815","$53,000","$46,177","$53,874",-0.01,22,100%,96%,"$32,580","$32,580","$32,478","$33,863",-0.04,109,82%,79%,"$49,220","$60,000","$47,717","$60,031",-0.03,81,77%,64%,"$50,000","$64,746","$46,639","$72,345",-0.13
"Utica-Rome, NY",46540,99,82%,75%,"$40,484","$49,207","$36,942","$49,256",-0.07,199,83%,79%,"$30,245","$36,500","$27,860","$35,403",-0.04,87,84%,76%,"$42,615","$50,906","$40,020","$52,334",-0.07,66,78%,69%,"$43,164","$55,276","$38,481","$55,567",-0.09
"Vallejo-Fairfield, CA",46700,68,84%,78%,"$51,138","$61,087","$49,256","$63,109",-0.06,175,86%,96%,"$32,049","$37,288","$36,942","$38,481",0.1,107,82%,80%,"$53,162","$64,746","$53,874","$67,727",-0.03,5,88%,68%,"$62,576","$71,268","$52,334","$76,962",-0.20
"Virginia Beach-Norfolk-Newport News, VA-NC",47260,153,80%,76%,"$40,725","$51,138","$37,712","$49,410",-0.03,100,92%,89%,"$28,681","$31,288","$28,630","$32,324",-0.03,124,81%,72%,"$44,745","$55,276","$40,020","$55,413",-0.09,230,66%,63%,"$45,815","$69,063","$41,560","$66,188",-0.04
"Visalia-Porterville, CA",47300,20,89%,80%,"$36,503","$41,006","$36,942","$46,177",-0.09,108,91%,90%,"$27,116","$29,830","$27,706","$30,785",-0.01,50,86%,79%,"$37,546","$43,803","$38,481","$48,794",-0.07,7,87%,74%,"$43,164","$49,639","$44,638","$60,031",-0.13
"Waco, TX",47380,116,81%,73%,"$35,000","$42,969","$33,863","$46,177",-0.08,29,99%,85%,"$26,634","$26,978","$26,167","$30,785",-0.14,141,80%,71%,"$37,546","$46,876","$36,942","$52,334",-0.10,113,75%,61%,"$39,964","$53,268","$35,403","$58,184",-0.14
"Washington-Arlington-Alexandria, DC-VA-MD-WV",47900,55,85%,79%,"$63,667","$75,341","$56,952","$72,345",-0.06,9,102%,94%,"$43,500","$42,615","$43,407","$46,177",-0.08,30,88%,80%,"$70,000","$80,000","$61,570","$76,962",-0.08,126,75%,66%,"$73,000","$97,739","$63,417","$95,433",-0.08
"Wausau, WI",48140,151,80%,72%,"$38,688","$48,560","$38,481","$53,258",-0.07,184,85%,78%,"$29,830","$35,000","$32,324","$41,560",-0.07,139,80%,73%,"$42,761","$53,268","$39,251","$53,874",-0.07,112,75%,63%,"$40,000","$53,268","$38,481","$61,570",-0.13
"Wenatchee, WA",48300,93,83%,no data,"$36,222","$43,803",no data,no data,no data,1,120%,no data,"$30,363","$25,251",no data,no data,no data,95,83%,0%,"$38,200","$45,889",no data,no data,no data,140,74%,0%,"$40,000","$53,955",no data,no data,no data
"Wichita, KS",48620,199,76%,71%,"$39,006","$51,000","$39,559","$55,721",-0.05,151,88%,82%,"$28,159","$31,961","$32,324","$39,405",-0.06,173,78%,70%,"$41,717","$53,268","$43,099","$61,570",-0.08,191,70%,63%,"$42,965","$61,087","$41,560","$66,188",-0.08
"Wichita Falls, TX",48660,131,81%,79%,"$33,598","$41,717","$33,863","$43,099",-0.02,86,93%,82%,"$24,280","$26,073","$23,550","$28,630",-0.11,57,85%,80%,"$37,670","$44,243","$36,942","$46,177",-0.05,189,71%,67%,"$36,222","$51,138","$35,249","$52,334",-0.03
"Wilmington, NC",48900,45,85%,no data,"$40,049","$46,932",no data,no data,no data,26,99%,no data,"$30,544","$30,896",no data,no data,no data,28,88%,0%,"$43,803","$49,859",no data,no data,no data,72,78%,0%,"$42,615","$54,978",no data,no data,no data
"Winston-Salem, NC",49180,39,86%,78%,"$38,500","$45,000","$38,481","$49,256",-0.07,14,101%,88%,"$31,288","$31,002","$32,324","$36,942",-0.13,24,88%,77%,"$40,484","$45,815","$41,560","$53,874",-0.11,69,78%,65%,"$42,000","$53,955","$40,020","$61,570",-0.13
"Worcester, MA-CT",49340,121,81%,75%,"$50,906","$62,576","$46,177","$61,570",-0.06,90,93%,84%,"$35,610","$38,353","$37,250","$44,176",-0.09,115,82%,73%,"$54,000","$66,178","$49,102","$67,727",-0.09,118,75%,67%,"$55,000","$73,379","$46,177","$69,266",-0.08
"Yakima, WA",49420,171,78%,82%,"$32,580","$41,549","$38,404","$47,101",0.03,198,83%,80%,"$26,500","$31,961","$27,091","$33,863",-0.03,174,78%,76%,"$33,374","$42,615","$40,020","$52,334",-0.02,34,81%,73%,"$41,222","$50,906","$41,098","$56,029",-0.08
"York-Hanover, PA",49620,208,76%,68%,"$41,000","$54,233","$38,481","$56,183",-0.07,167,87%,74%,"$30,000","$34,417","$30,785","$41,560",-0.13,225,74%,67%,"$43,164","$58,595","$40,020","$60,031",-0.07,181,72%,63%,"$43,680","$61,087","$38,481","$61,570",-0.09
"Youngstown-Warren-Boardman, OH-PA",49660,174,78%,64%,"$36,690","$46,932","$35,711","$55,413",-0.14,206,83%,70%,"$25,899","$31,288","$26,937","$38,481",-0.13,133,80%,68%,"$39,419","$49,018","$38,481","$56,952",-0.13,141,74%,54%,"$40,000","$53,955","$37,712","$69,266",-0.20
"Yuba City, CA",49700,26,87%,80%,"$40,000","$46,000","$36,942","$46,177",-0.07,7,105%,85%,"$32,373","$30,896","$26,167","$30,785",-0.2,168,79%,79%,"$41,006","$52,147","$40,020","$50,795",0.00,28,82%,62%,"$48,000","$58,595","$43,099","$69,266",-0.20
"Yuma, AZ",49740,30,87%,91%,"$32,373","$37,288","$35,403","$39,097",0.04,67,94%,100%,"$27,116","$28,765","$27,706","$27,706",0.06,81,84%,83%,"$36,347","$43,282","$38,481","$46,177",-0.01,54,79%,76%,"$35,100","$44,400","$40,020","$52,334",-0.03
U.S total,U.S. total,no data,82%,75%,"$42,615","$52,147","$41,560","$55,413",-0.07,no data,93%,88%,"$31,288","$33,598","$33,863","$38,481",-0.05,no data,82%,73%,"$45,815","$56,000","$44,792","$61,570",-0.09,no data,76%,67%,"$47,409","$62,576","$44,484","$66,188",-0.09